id;filename
eee63243-5005-4ad4-9506-05d1771f737d;InfoBencana_indramayu_7feb2021.pdf
d9a79ec3-9dad-42e9-bbe7-a5866067a5c0;InfoBencana_bekasi_20feb2021.pdf
764cd4a6-c47f-4eb2-9a3c-1c520992808b;InfoBencana_bandung_15feb2020.pdf
0ea7a9d9-74f4-4ef4-b96d-d1b85bc6abb4;info_bencana_bandung_maret2020.pdf
165587a2-130e-4da3-b7db-0bac4804a63a;info_bencana_karawang_februari2020.pdf
0380c116-20b5-4e15-ba6e-f2e4f7d9ed69;info_bencana_karawang_februari2023_2.pdf
2102fd81-93c9-47ad-9cea-e09dd8c3fb50;info_bencana_bekasi_maret2025.pdf
5619370b-059e-4e47-bce9-8db8f32311ef;info_bencana_bandung_maret2020_3.pdf
4d2add39-f367-4d01-b423-2e7f824a97ec;info_bencana_bekasi_februari2021.pdf
d3d1714d-862b-4d96-b55f-8c7f28ac8915;info_bencana_karawang_februari2021.pdf
e5eaa81c-1cfd-49c7-a5c6-19b429fc03ec;info_bencana_karawang_februari2023_3.pdf
2e8e70c3-a118-4023-a091-a55da6eba33f;info_bencana_bandung_10januari2021.pdf
fcaa14bd-1519-4bfb-87ad-32eaabbab921;info_bencana_bandung_januari2020_2.pdf
c337acfc-d62c-4e73-a7c2-1f947e0ccea1;info_bencana_bandung_maret2025.pdf
3fe185f8-f4fe-407c-b6de-3b1fd6ca13b7;info_bencana_bandung_mei2021.pdf
be731dfb-7d2d-4d50-a429-f64a9c425f94;info_bencana_bogor_januari2020.pdf
7e6c24f8-b78e-40f1-a7c7-2e47875e6958;info_bencana_karawang_februari2021.pdf
33cf0cf4-800a-4a51-bf2a-5b2cf7bc85ed;info_bencana_subang_februari2021.pdf
f66c9efd-203a-40dd-9eaa-c8907ad26928;info_bencana_bandung_mei2020.pdf
b12362d6-6fd1-4f68-a03e-b0c690fa36de;InfoBencana_bandung_20jun2021.pdf
7f8977be-6417-485b-95f4-31de25f6565b;Infobencana_bandung_24mar2021.pdf
b5b9e385-5314-407c-88d0-4d5c2e026ab7;InfoBencana_bandung_27nov2021.pdf
e7731a58-15e7-48d7-a944-48631c88cd6f;InfoBencana_subang_7feb2021.pdf
8d84f031-326a-4a36-9f0e-1c7ff4fa5309;InfoBencana_karawang_27feb2023.pdf
3d26b483-3e90-48c4-8e80-74b63111c0ec;InfoBencana_bandung_24des2020.pdf
de7a4bf4-a593-4fd6-a980-23bc6279c905;InfoBencana_bekasi_24feb2023.pdf
d968200f-1c84-4bdd-bf6b-2b78101a27aa;InfoBencana_bandung_7feb2020.pdf
47330db7-bff3-4841-ae8f-d6900d4d09f2;InfoBencana_sukabumi_4des2024.pdf
0bed2012-92ab-438d-9d40-933a1dd5f4e5;InfoBencana_bandung_11jan2024.pdf
1979ab73-cfa7-43b6-8991-d81ef3ca18c6;InfoBencana_bekasi_7jul2025.pdf
b30c1533-7732-4dcc-baa8-4e6bdfbc4ec1;InfoBencana_bandung_28feb2020.pdf
402f514a-4372-4134-943e-af52ff6d8f56;InfoBencana_bogor_2maret2025.pdf
275f8df7-f68b-40b3-98d6-46782d4ef475;InfoBencana_karawang_10jan2020.pdf
46570401-1e74-4cfb-9ef4-ed658f644729;InfoBencana_subang_27feb2023.pdf
c12fcdb2-b798-4f3e-8474-0ea19a5b924a;InfoBencana_bekasi_25feb2020.pdf
88990e59-2978-47a3-b273-953d1dbe7223;InfoBencana_karawang_1jan2020.pdf
27bf1148-b9b3-47ab-8d9c-6ecf7058594e;InfoBencana_bandung_16jan2021.pdf
f4e0813c-6c88-45ec-9b4d-21fb6f08671a;Info_Bencana_bandung_mar2021.pdf
e2f63cc7-bb97-4307-aad1-dc6d5e7e0bdd;info_bencana_bandung_feb2020.pdf
8b6e6695-aad2-4803-9a60-60e979094720;InfoBencana_bandung_16mar2020.pdf
9c897f1f-69ba-499b-8794-ec1993dabcac;InfoBencana_indramayu_13des2024.pdf
33823e3a-151f-49fb-9d41-28cf671dcce5;InfoBencana_bogor_24okto2020.pdf
b06f1a5a-e423-4d95-beed-10f0f1c44ff9;InfoBencana_bogor_24okto2020.pdf
087febf4-1192-4878-a12c-4f836acc3c54;InfoBencana_bekasi_28jan2025.pdf
c168060a-4304-4518-a5ff-3ba725847e70;InfoBencana_indramayu_6des2020.pdf
16e98620-e9f4-4472-9d6b-ed3d5b781e99;InfoBencana_karawang_4mar2025.pdf
b8b3562c-2986-44a2-8e77-475221dbd195;InfoBencana_bekasi_14des2024.pdf
6f24ff60-255b-4d26-98d4-31c0e50ec3ee;InfoBencana_bandung_23jan2020.pdf
d1bb7cdd-a262-4660-800b-1289f642191e;InfoBencana_bandung_25nov2021.pdf
8a14cce6-1f01-45b3-8951-cd49c57b52f4;InfoBencana_cianjur_3des2024.pdf
